task,suite,difficulty,label,path,duration,width,height,sha256,source_archive_entry
E,Mind,easy,Easy 训练采集演示,assets/videos/Mind/E/E__E_easy.mp4,60.5,640,480,0c5aa59f495ceb511c5c956f8f382a661711abb63ddee34e21c5577c8a7db7cc,E/easy.mp4
E,Mind,medium,Medium 训练采集演示,assets/videos/Mind/E/E__E_medium.mp4,120.0,640,480,59705e7cb15a7f7a47d476a47dbb42cad9ee936100f7130f0070372297139343,E/medium.mp4
E,Mind,hard,Hard 训练采集演示,assets/videos/Mind/E/E__E_hard.mp4,170.166667,640,480,991e6959550fa84bf5eb74586ac519f07df5cf773892b3197ca4c72879769973,E/hard.mp4
P,Mind,easy,Easy 训练采集演示,assets/videos/Mind/P/easy.mp4,46.366667,640,480,9210d4fe738e9e348abfad4a55b35b31d3e2e285d4386bd5455c94e6a0697fca,P/easy.mp4
P,Mind,medium,Medium 训练采集演示,assets/videos/Mind/P/medium.mp4,57.333333,640,480,ec2b62022c2cd28a32fd7d4da7931e8659618396c69f0091066d7d26a934a36e,P/medium.mp4
P,Mind,hard,Hard 训练采集演示,assets/videos/Mind/P/P__P_hard_general_012.mp4,76.3,640,480,7a2509626c23a6eb47113541b30eb13e661509e674c609ec65c7ebcc1ba6d9a9,P/hard.mp4
S,Mind,easy,Easy 训练采集演示,assets/videos/Mind/S/S__S_easy.mp4,64.8,640,480,488dfc13a76cf4305ac506bbaddb210bb68ae362d3419fae5c88aead087cdc44,S/easy.mp4
S,Mind,medium,Medium 训练采集演示,assets/videos/Mind/S/S__S_medium.mp4,72.0,640,480,64359c5bf47e4f58fc781f9b2f5528193385c50c4a664b5fb53baa47f40eeedf,S/medium.mp4
S,Mind,hard,Hard 训练采集演示,assets/videos/Mind/S/S__S_hard.mp4,72.4,640,480,13f0e09b5689eb28dc457f7efcdda3ca95a693490cb6b201d24c2d04ab52152c,S/hard.mp4
F,Mind,easy,Easy 训练采集演示,assets/videos/Mind/F/F__F_easy.mp4,16.9,640,480,617853d26d0e11ea2180e4b2697e2a75929670d4808f98b786281f3615f4f219,F/easy.mp4
F,Mind,medium,Medium 训练采集演示,assets/videos/Mind/F/F__F_medium.mp4,27.566667,640,480,35964beb4697f819a4a622d15d65e6e75cd237712c0dce583ae4257f147b9cfd,F/medium.mp4
F,Mind,hard,Hard 训练采集演示,assets/videos/Mind/F/F__F_hard.mp4,33.133333,640,480,4617b94bcbf9d688e79b2a84553b3b6b54cba44614d88c5a148820cef233a9a9,F/hard.mp4
M,Mind,easy,Easy 训练采集演示,assets/videos/Mind/M/M__M_easy_frontlabel.mp4,74.5,640,480,72f8d269a3e06b5c88a5835753bdbdeee49e7aed4d4831be10c61a09869a04c1,M/easy.mp4
M,Mind,medium,Medium 训练采集演示,assets/videos/Mind/M/M__M_medium_frontlabel.mp4,89.966667,640,480,6efc7d3195a274e1bba32cab378ca65f4fe76e4b7d29774970d6dad1e88e1a77,M/medium.mp4
M,Mind,hard,Hard 训练采集演示,assets/videos/Mind/M/M__M_hard_frontlabel.mp4,99.633333,640,480,2ab48df343a3a3b8be4772284426e7c677eb0615ff1133e840fc3770d42aa723,M/hard.mp4
FR1,Act,easy,Easy 训练采集演示,assets/videos/Act/FR1/easy.mp4,22.966667,640,480,a480f29277b3f17d98a7699f5e0d74ebcd48d01e23b0ec74a1a18ef5b3d63728,FR1/easy.mp4
FR1,Act,medium,Medium 训练采集演示,assets/videos/Act/FR1/medium.mp4,27.766667,640,480,6ac7565bd0668ac58bd2cdc43a3e8ba760c2792633bc3324d378b23578817704,FR1/medium.mp4
FR1,Act,hard,Hard 训练采集演示,assets/videos/Act/FR1/hard.mp4,36.066667,640,480,4d09a77316e87e752487ae964b515c73af31133b5cb978144d9ac6e0f1e124a3,FR1/hard.mp4
FR2,Act,easy,Easy 训练采集演示,assets/videos/Act/FR2/easy.mp4,15.333333,640,480,073d2efc5dc62b9fe5adf4a58a92ee3c7c9ac2158c3b34f41fb9b4a15221fc20,FR2/easy.mp4
FR2,Act,medium,Medium 训练采集演示,assets/videos/Act/FR2/medium.mp4,16.9,640,480,74c745fbf2535c34396e4f896827c240f1b9178ee1fd91333a6655768853c542,FR2/medium.mp4
FR2,Act,hard,Hard 训练采集演示,assets/videos/Act/FR2/hard.mp4,14.6,640,480,3023e443d62963c7ef9c8ca31989ede880a792ca165580fab182477febb1ea12,FR2/hard.mp4
PR1,Act,easy,Easy 训练采集演示,assets/videos/Act/PR1/PR1__PR1_Easy_control_20260919.mp4,11.966667,640,480,cf1fd396f0b1bca350491c9b1e7f23683bd168fa59a22d6c351920660405ee91,PR1/easy.mp4
PR1,Act,medium,Medium 训练采集演示,assets/videos/Act/PR1/PR1__PR1_Medium_control_20260919.mp4,10.4,640,480,c1608b8c5762a5cc74092b854074d72fd37798a692662ab6fb4c6aa9f7de13bd,PR1/medium.mp4
PR1,Act,hard,Hard 训练采集演示,assets/videos/Act/PR1/PR1__PR1_Hard_control_20260919.mp4,12.266667,640,480,ec6d5c2f04ef75a204fd915d9c4f2b652759f050345737812decee6b1b615c93,PR1/hard.mp4
PR2,Act,easy,Easy 训练采集演示,assets/videos/Act/PR2/PR2__PR2_Easy_control_20260919.mp4,20.466667,640,480,fb6b5eee261ab3075c87b62c3af67b2da660a7a6e0bf3bbc4268a7b28a0def49,PR2/easy.mp4
PR2,Act,medium,Medium 训练采集演示,assets/videos/Act/PR2/PR2__PR2_Medium_control_20260919.mp4,20.433333,640,480,01f82f2ed6cd664617a850090c34c07597b519965308ca0a8ff21c40094f9190,PR2/medium.mp4
PR2,Act,hard,Hard 训练采集演示,assets/videos/Act/PR2/PR2__PR2_Hard_control_20260919.mp4,19.366667,640,480,931b38fa1b351ab6e9f0e5334cdd7b4d915b793b5e4d166d4d0e24bc8ecc774f,PR2/hard.mp4
PR3,Act,easy,Easy 训练采集演示,assets/videos/Act/PR3/PR3__PR3_Easy_head_reference_20260919.mp4,24.533333,640,480,35139d3800afb7d5150208413c52c3db5116e4f482074e29f51a23676fffa170,PR3/easy.mp4
PR3,Act,medium,Medium 训练采集演示,assets/videos/Act/PR3/PR3__PR3_Medium_head_reference_20260919.mp4,24.666667,640,480,d78e0355e9be1830e7b4033d113927905fbdb10b25d87efdc78dd475ad4f4bf8,PR3/medium.mp4
PR3,Act,hard,Hard 训练采集演示,assets/videos/Act/PR3/PR3__PR3_Hard_head_reference_20260919.mp4,24.6,640,480,665dfa922284c867eb69cf1d7636f3008da3d4291df603d6dc07d3170130942e,PR3/hard.mp4
CP01,Mind2Act,easy,Easy 训练采集演示,assets/videos/Mind2Act/CP01/CP01__CP01_easy_adaptive_v2_20260920.mp4,57.4,640,480,36f1db1c0d5c24719ea95f6de414a0c13f7721b9e7a18cd5606244b232155895,CP01/easy.mp4
CP01,Mind2Act,medium,Medium 训练采集演示,assets/videos/Mind2Act/CP01/CP01__CP01_medium_adaptive_v2_20260920.mp4,107.8,640,480,7c8fff06824fedb1fcdf93176c77832441a81babdf998c857b2a6cac239cd5f0,CP01/medium.mp4
CP01,Mind2Act,hard,Hard 训练采集演示,assets/videos/Mind2Act/CP01/CP01__CP01_hard_adaptive_v2_20260920.mp4,139.9,640,480,2b4839035a84527778b99ba275a71f0122cf9ea7fc7354efb5debf29e8a4ffc8,CP01/hard.mp4
CP02,Mind2Act,easy,Easy 训练采集演示,assets/videos/Mind2Act/CP02/CP02__CP02_easy_v6_完整示范与运控_20260920.mp4,55.433333,640,480,ff9b7288f8dc5d1dc7f58b245956e4fd410ee1c0cee49c1858399e720b4d1b2a,CP02/easy.mp4
CP02,Mind2Act,medium,Medium 训练采集演示,assets/videos/Mind2Act/CP02/CP02__CP02_medium_v6_完整示范与运控_20260920.mp4,92.333333,640,480,5b4e46444d8439ee5f76c8cd54fa7d000303ee7a360c9ce8c70d3bbbf17b25d8,CP02/medium.mp4
CP02,Mind2Act,hard,Hard 训练采集演示,assets/videos/Mind2Act/CP02/CP02__CP02_hard_v6_完整示范与运控_20260920.mp4,100.433333,640,480,4c83d8492f141b34df0b7df98cd234956d560ddfbec8cd8fc5ed9d64058eac62,CP02/hard.mp4
CP03,Mind2Act,easy,Easy 训练采集演示,assets/videos/Mind2Act/CP03/CP03__CP03_Easy_3盘_12mms_连续空槽_原速.mp4,84.633333,640,480,26d2be238691f9b04d9014a3efabca0dd188b805f7d19420a61d2b30e9f8761d,CP03/easy.mp4
CP03,Mind2Act,medium,Medium 训练采集演示,assets/videos/Mind2Act/CP03/CP03__CP03_Medium_5盘_二档16mms_原速.mp4,154.066667,640,480,74ddd0ddd3acca31074f1b4d9c348c47f442a4808da8aded33d91e83172c808c,CP03/medium.mp4
CP03,Mind2Act,hard,Hard 训练采集演示,assets/videos/Mind2Act/CP03/CP03__CP03_Hard_7盘_三档20mms_原速.mp4,188.033333,640,480,b713c7d8721d09f17f23c88598ef07df0f3465c650b5475ac62b4647283e83d9,CP03/hard.mp4
CP04,Mind2Act,easy,Easy 训练采集演示,assets/videos/Mind2Act/CP04/CP04__CP04_easy.mp4,111.566667,640,480,dbd88aba91f21ae2f334636ffa457ad92952b1f4ebc809978f004c45b421af3d,CP04/easy.mp4
CP04,Mind2Act,medium,Medium 训练采集演示,assets/videos/Mind2Act/CP04/medium.mp4,123.833333,640,480,821d13fc6c06f92056b84d59faee6ab7e3d1ddf75828b947ae461d5ff7d60895,CP04/medium.mp4
CP04,Mind2Act,hard,Hard 训练采集演示,assets/videos/Mind2Act/CP04/hard.mp4,162.266667,640,480,f80b70f8c5a717eca93e17a35d17d9a0cabef63c299b1a96bda46fe3ff54eb03,CP04/hard.mp4
CP05,Mind2Act,easy,Easy 训练采集演示,assets/videos/Mind2Act/CP05/CP05__CP05_Easy_中央单棒_8次复奏_20260923.mp4,62.066667,640,480,59c199e75715d4e3a7a976b24b2e16aaf47e6cd0fa4992ce246dc56280b76f44,CP05/easy.mp4
CP05,Mind2Act,medium,Medium 训练采集演示,assets/videos/Mind2Act/CP05/CP05__CP05_Medium_双臂揭罩_8次复奏_20260923.mp4,72.666667,640,480,79edf926914d8cff010b2d5ce7d813442dfbe8f4a5c4a2e3e0415ca269780971,CP05/medium.mp4
CP05,Mind2Act,hard,Hard 训练采集演示,assets/videos/Mind2Act/CP05/CP05__CP05_Hard_揭罩与音量调节_12次复奏_20260923.mp4,119.966667,640,480,7ea71ab5dd89598c83144141ad3dfba1b6f4a59d733dc96a17fa693a0a7157c6,CP05/hard.mp4
